User id,How long in service
1USR,49
2USR,60
3USR,22
4USR,43
5USR,58
6USR,72
7USR,13
8USR,15
9USR,66
10USR,43
11USR,35
12USR,46
13USR,40
14USR,51
15USR,30
16USR,56
17USR,38
18USR,28
19USR,52
20USR,63
21USR,40
22USR,15
23USR,70
24USR,66
25USR,66
26USR,13
27USR,34
28USR,69
29USR,20
30USR,14
31USR,41
32USR,21
33USR,17
34USR,23
35USR,24
36USR,25
37USR,61
38USR,24
39USR,57
40USR,17
41USR,64
42USR,29
43USR,25
44USR,9
45USR,47
46USR,53
47USR,33
48USR,19
49USR,28
50USR,35
51USR,55
52USR,69
53USR,8
54USR,57
55USR,70
56USR,51
57USR,13
58USR,27
59USR,67
60USR,44
61USR,27
62USR,40
63USR,29
64USR,40
65USR,42
66USR,61
67USR,35
68USR,1
69USR,56
70USR,12
71USR,58
72USR,29
73USR,6
74USR,51
75USR,12
76USR,23
77USR,5
78USR,71
79USR,64
80USR,27
81USR,7
82USR,65
83USR,58
84USR,17
85USR,3
86USR,4
87USR,36
88USR,15
89USR,12
90USR,8
91USR,2
92USR,21
93USR,50
94USR,61
95USR,36
96USR,50
97USR,52
98USR,27
99USR,57
100USR,61
101USR,38
102USR,52
103USR,14
104USR,6
105USR,63
106USR,59
107USR,13
108USR,20
109USR,37
110USR,60
111USR,37
112USR,11
113USR,10
114USR,29
115USR,12
116USR,37
117USR,52
118USR,19
119USR,21
120USR,4
121USR,51
122USR,21
123USR,62
124USR,47
125USR,31
126USR,55
127USR,5
128USR,42
129USR,1
130USR,56
131USR,40
132USR,27
133USR,45
134USR,67
135USR,38
136USR,47
137USR,65
138USR,38
139USR,49
140USR,19
141USR,63
142USR,60
143USR,32
144USR,5
145USR,16
146USR,66
147USR,38
148USR,65
149USR,24
150USR,29
151USR,35
152USR,36
153USR,52
154USR,45
155USR,1
156USR,72
157USR,57
158USR,60
159USR,15
160USR,72
161USR,71
162USR,42
163USR,40
164USR,37
165USR,10
166USR,7
167USR,70
168USR,14
169USR,58
170USR,11
171USR,21
172USR,30
173USR,1
174USR,46
175USR,46
176USR,33
177USR,19
178USR,57
179USR,6
180USR,45
181USR,48
182USR,28
183USR,17
184USR,71
185USR,33
186USR,17
187USR,9
188USR,59
189USR,12
190USR,53
191USR,45
192USR,54
193USR,8
194USR,53
195USR,57
196USR,52
197USR,15
198USR,62
199USR,19
200USR,46
201USR,25
202USR,69
203USR,45
204USR,8
205USR,6
206USR,14
207USR,11
208USR,32
209USR,36
210USR,25
211USR,21
212USR,14
213USR,54
214USR,32
215USR,32
216USR,67
217USR,38
218USR,47
219USR,25
220USR,61
221USR,67
222USR,66
223USR,3
224USR,57
225USR,51
226USR,45
227USR,44
228USR,36
229USR,69
230USR,22
231USR,13
232USR,48
233USR,30
234USR,39
235USR,10
236USR,6
237USR,9
238USR,65
239USR,10
240USR,66
241USR,3
242USR,60
243USR,23
244USR,3
245USR,17
246USR,41
247USR,60
248USR,35
249USR,67
250USR,40
251USR,48
252USR,39
253USR,69
254USR,67
255USR,49
256USR,15
257USR,31
258USR,21
259USR,23
260USR,52
261USR,39
262USR,12
263USR,33
264USR,28
265USR,49
266USR,44
267USR,51
268USR,8
269USR,33
270USR,41
271USR,2
272USR,6
273USR,5
274USR,66
275USR,65
276USR,25
277USR,63
278USR,10
279USR,39
280USR,66
281USR,39
282USR,57
283USR,37
284USR,57
285USR,40
286USR,41
287USR,18
288USR,44
289USR,57
290USR,3
291USR,63
292USR,18
293USR,67
294USR,2
295USR,14
296USR,33
297USR,69
298USR,34
299USR,25
300USR,12
301USR,18
302USR,33
303USR,65
304USR,11
305USR,67
306USR,3
307USR,41
308USR,29
309USR,17
310USR,49
311USR,48
312USR,72
313USR,17
314USR,3
315USR,53
316USR,58
317USR,30
318USR,1
319USR,28
320USR,10
321USR,5
322USR,42
323USR,17
324USR,44
325USR,55
326USR,30
327USR,11
328USR,56
329USR,4
330USR,51
331USR,27
332USR,25
333USR,48
334USR,27
335USR,2
336USR,67
337USR,45
338USR,31
339USR,4
340USR,2
341USR,33
342USR,72
343USR,51
344USR,71
345USR,17
346USR,23
347USR,31
348USR,12
349USR,17
350USR,34
351USR,35
352USR,62
353USR,23
354USR,54
355USR,52
356USR,32
357USR,61
358USR,44
359USR,46
360USR,53
361USR,19
362USR,45
363USR,53
364USR,33
365USR,52
366USR,50
367USR,69
368USR,23
369USR,47
370USR,24
371USR,30
372USR,6
373USR,15
374USR,49
375USR,37
376USR,29
377USR,40
378USR,45
379USR,69
380USR,34
381USR,41
382USR,8
383USR,49
384USR,17
385USR,63
386USR,65
387USR,25
388USR,68
389USR,5
390USR,35
391USR,8
392USR,16
393USR,21
394USR,38
395USR,40
396USR,6
397USR,1
398USR,68
399USR,16
400USR,51
401USR,28
402USR,65
403USR,9
404USR,54
405USR,72
406USR,33
407USR,41
408USR,53
409USR,18
410USR,6
411USR,40
412USR,26
413USR,58
414USR,45
415USR,1
416USR,41
417USR,51
418USR,66
419USR,44
420USR,70
421USR,24
422USR,4
423USR,30
424USR,31
425USR,25
426USR,41
427USR,15
428USR,61
429USR,65
430USR,13
431USR,46
432USR,7
433USR,70
434USR,18
435USR,63
436USR,10
437USR,66
438USR,27
439USR,22
440USR,58
441USR,48
442USR,72
443USR,7
444USR,24
445USR,61
446USR,64
447USR,11
448USR,49
449USR,65
450USR,67
451USR,41
452USR,55
453USR,65
454USR,42
455USR,62
456USR,14
457USR,7
458USR,23
459USR,15
460USR,46
461USR,53
462USR,58
463USR,21
464USR,8
465USR,12
466USR,49
467USR,4
468USR,51
469USR,43
470USR,72
471USR,52
472USR,62
473USR,42
474USR,12
475USR,36
476USR,35
477USR,31
478USR,56
479USR,63
480USR,2
481USR,4
482USR,15
483USR,26
484USR,24
485USR,37
486USR,19
487USR,46
488USR,71
489USR,31
490USR,10
491USR,9
492USR,18
493USR,13
494USR,57
495USR,29
496USR,32
497USR,13
498USR,67
499USR,51
500USR,10
501USR,4
502USR,27
503USR,35
504USR,55
505USR,65
506USR,51
507USR,46
508USR,62
509USR,72
510USR,27
511USR,46
512USR,7
513USR,15
514USR,24
515USR,39
516USR,67
517USR,31
518USR,26
519USR,62
520USR,22
521USR,2
522USR,7
523USR,42
524USR,27
525USR,65
526USR,18
527USR,9
528USR,36
529USR,49
530USR,57
531USR,70
532USR,10
533USR,55
534USR,35
535USR,50
536USR,51
537USR,21
538USR,25
539USR,22
540USR,45
541USR,57
542USR,66
543USR,58
544USR,60
545USR,38
546USR,8
547USR,8
548USR,63
549USR,19
550USR,2
551USR,59
552USR,14
553USR,71
554USR,55
555USR,34
556USR,12
557USR,8
558USR,70
559USR,8
560USR,43
561USR,15
562USR,40
563USR,6
564USR,60
565USR,49
566USR,50
567USR,19
568USR,49
569USR,17
570USR,5
571USR,37
572USR,32
573USR,38
574USR,9
575USR,27
576USR,22
577USR,59
578USR,2
579USR,1
580USR,26
581USR,44
582USR,53
583USR,46
584USR,32
585USR,44
586USR,60
587USR,63
588USR,71
589USR,22
590USR,41
591USR,49
592USR,55
593USR,70
594USR,69
595USR,12
596USR,23
597USR,51
598USR,58
599USR,35
600USR,55
601USR,29
602USR,59
603USR,72
604USR,51
605USR,8
606USR,28
607USR,55
608USR,16
609USR,49
610USR,42
611USR,13
612USR,63
613USR,61
614USR,40
615USR,46
616USR,40
617USR,4
618USR,51
619USR,50
620USR,49
621USR,59
622USR,17
623USR,50
624USR,39
625USR,10
626USR,70
627USR,10
628USR,25
629USR,71
630USR,67
631USR,27
632USR,4
633USR,37
634USR,23
635USR,16
636USR,2
637USR,30
638USR,6
639USR,57
640USR,50
641USR,31
642USR,11
643USR,54
644USR,22
645USR,33
646USR,37
647USR,5
648USR,34
649USR,47
650USR,37
651USR,40
652USR,51
653USR,7
654USR,22
655USR,27
656USR,24
657USR,64
658USR,18
659USR,49
660USR,5
661USR,56
662USR,69
663USR,16
664USR,44
665USR,22
666USR,51
667USR,52
668USR,45
669USR,10
670USR,35
671USR,25
672USR,9
673USR,46
674USR,39
675USR,51
676USR,67
677USR,48
678USR,50
679USR,48
680USR,8
681USR,72
682USR,30
683USR,12
684USR,18
685USR,30
686USR,71
687USR,59
688USR,41
689USR,59
690USR,32
691USR,50
692USR,35
693USR,45
694USR,30
695USR,6
696USR,4
697USR,26
698USR,5
699USR,67
700USR,27
701USR,34
702USR,42
703USR,22
704USR,16
705USR,28
706USR,70
707USR,54
708USR,53
709USR,19
710USR,10
711USR,15
712USR,26
713USR,22
714USR,45
715USR,66
716USR,35
717USR,39
718USR,49
719USR,21
720USR,72
721USR,62
722USR,53
723USR,69
724USR,20
725USR,49
726USR,69
727USR,66
728USR,66
729USR,24
730USR,11
731USR,33
732USR,2
733USR,70
734USR,44
735USR,61
736USR,39
737USR,72
738USR,18
739USR,13
740USR,20
741USR,69
742USR,19
743USR,68
744USR,68
745USR,55
746USR,51
747USR,23
748USR,65
749USR,37
750USR,19
751USR,20
752USR,1
753USR,46
754USR,20
755USR,44
756USR,58
757USR,8
758USR,34
759USR,68
760USR,30
761USR,55
762USR,48
763USR,21
764USR,29
765USR,54
766USR,22
767USR,2
768USR,23
769USR,38
770USR,45
771USR,27
772USR,56
773USR,65
774USR,68
775USR,46
776USR,62
777USR,9
778USR,20
779USR,64
780USR,18
781USR,13
782USR,50
783USR,47
784USR,23
785USR,42
786USR,57
787USR,65
788USR,44
789USR,2
790USR,2
791USR,33
792USR,17
793USR,26
794USR,59
795USR,17
796USR,3
797USR,14
798USR,56
799USR,27
800USR,69
801USR,29
802USR,14
803USR,18
804USR,6
805USR,61
806USR,40
807USR,10
808USR,69
809USR,69
810USR,27
811USR,10
812USR,44
813USR,38
814USR,66
815USR,17
816USR,67
817USR,40
818USR,71
819USR,72
820USR,35
821USR,55
822USR,56
823USR,58
824USR,2
825USR,30
826USR,56
827USR,35
828USR,17
829USR,35
830USR,26
831USR,49
832USR,68
833USR,50
834USR,61
835USR,59
836USR,13
837USR,38
838USR,11
839USR,40
840USR,17
841USR,19
842USR,53
843USR,30
844USR,45
845USR,49
846USR,30
847USR,12
848USR,11
849USR,24
850USR,38
851USR,12
852USR,31
853USR,53
854USR,32
855USR,30
856USR,58
857USR,4
858USR,21
859USR,2
860USR,11
861USR,15
862USR,52
863USR,18
864USR,52
865USR,23
866USR,17
867USR,70
868USR,52
869USR,65
870USR,50
871USR,29
872USR,53
873USR,46
874USR,25
875USR,35
876USR,6
877USR,53
878USR,57
879USR,26
880USR,49
881USR,29
882USR,28
883USR,49
884USR,63
885USR,1
886USR,52
887USR,45
888USR,26
889USR,43
890USR,1
891USR,42
892USR,28
893USR,54
894USR,69
895USR,66
896USR,30
897USR,72
898USR,71
899USR,18
900USR,13
901USR,54
902USR,25
903USR,66
904USR,48
905USR,52
906USR,1
907USR,55
908USR,54
909USR,15
910USR,22
911USR,31
912USR,64
913USR,24
914USR,17
915USR,65
916USR,37
917USR,39
918USR,26
919USR,54
920USR,14
921USR,25
922USR,69
923USR,48
924USR,34
925USR,44
926USR,29
927USR,62
928USR,4
929USR,30
930USR,25
931USR,28
932USR,43
933USR,37
934USR,49
935USR,28
936USR,61
937USR,38
938USR,36
939USR,5
940USR,62
941USR,63
942USR,15
943USR,1
944USR,59
945USR,51
946USR,11
947USR,18
948USR,39
949USR,11
950USR,33
951USR,30
952USR,37
953USR,22
954USR,52
955USR,6
956USR,6
957USR,67
958USR,4
959USR,41
960USR,46
961USR,63
962USR,16
963USR,56
964USR,23
965USR,59
966USR,21
967USR,6
968USR,36
969USR,29
970USR,50
971USR,60
972USR,26
973USR,49
974USR,37
975USR,34
976USR,8
977USR,46
978USR,7
979USR,32
980USR,7
981USR,6
982USR,63
983USR,66
984USR,63
985USR,19
986USR,67
987USR,35
988USR,53
989USR,21
990USR,27
991USR,31
992USR,16
993USR,37
994USR,66
995USR,19
996USR,36
997USR,18
998USR,18
999USR,45
1000USR,36
1001USR,63
1002USR,41
1003USR,56
1004USR,28
1005USR,31
1006USR,35
1007USR,61
1008USR,53
1009USR,54
1010USR,70
1011USR,21
1012USR,51
1013USR,57
1014USR,40
1015USR,49
1016USR,8
1017USR,29
1018USR,68
1019USR,43
1020USR,68
1021USR,68
1022USR,64
1023USR,49
1024USR,25
1025USR,37
1026USR,41
1027USR,38
1028USR,7
1029USR,26
1030USR,60
1031USR,4
1032USR,17
1033USR,11
1034USR,48
1035USR,51
1036USR,32
1037USR,65
1038USR,41
1039USR,67
1040USR,60
1041USR,31
1042USR,27
1043USR,22
1044USR,64
1045USR,55
1046USR,50
1047USR,44
1048USR,49
1049USR,40
1050USR,19
1051USR,55
1052USR,62
1053USR,36
1054USR,19
1055USR,33
1056USR,61
1057USR,66
1058USR,34
1059USR,34
1060USR,20
1061USR,32
1062USR,71
1063USR,1
1064USR,26
1065USR,33
1066USR,29
1067USR,48
1068USR,43
1069USR,23
1070USR,34
1071USR,10
1072USR,9
1073USR,66
1074USR,24
1075USR,16
1076USR,36
1077USR,46
1078USR,57
1079USR,60
1080USR,69
1081USR,56
1082USR,39
1083USR,72
1084USR,26
1085USR,51
1086USR,64
1087USR,10
1088USR,60
1089USR,16
1090USR,1
1091USR,22
1092USR,58
1093USR,1
1094USR,15
1095USR,44
1096USR,29
1097USR,65
1098USR,25
1099USR,70
1100USR,38
1101USR,21
1102USR,19
1103USR,4
1104USR,22
1105USR,1
1106USR,35
1107USR,13
1108USR,32
1109USR,64
1110USR,50
1111USR,43
1112USR,44
1113USR,54
1114USR,9
1115USR,39
1116USR,27
1117USR,46
1118USR,19
1119USR,63
1120USR,66
1121USR,17
1122USR,35
1123USR,14
1124USR,60
1125USR,35
1126USR,11
1127USR,62
1128USR,55
1129USR,49
1130USR,33
1131USR,38
1132USR,28
1133USR,52
1134USR,66
1135USR,37
1136USR,19
1137USR,10
1138USR,62
1139USR,9
1140USR,72
1141USR,52
1142USR,18
1143USR,22
1144USR,50
1145USR,24
1146USR,24
1147USR,41
1148USR,36
1149USR,53
1150USR,37
1151USR,24
1152USR,68
1153USR,50
1154USR,50
1155USR,65
1156USR,40
1157USR,2
1158USR,57
1159USR,27
1160USR,24
1161USR,50
1162USR,9
1163USR,26
1164USR,33
1165USR,29
1166USR,9
1167USR,37
1168USR,65
1169USR,24
1170USR,10
1171USR,19
1172USR,35
1173USR,27
1174USR,52
1175USR,55
1176USR,51
1177USR,1
1178USR,7
1179USR,72
1180USR,33
1181USR,69
1182USR,13
1183USR,61
1184USR,36
1185USR,16
1186USR,63
1187USR,3
1188USR,70
1189USR,35
1190USR,62
1191USR,42
1192USR,12
1193USR,66
1194USR,49
1195USR,55
1196USR,48
1197USR,60
1198USR,65
1199USR,19
1200USR,58
1201USR,23
1202USR,44
1203USR,44
1204USR,52
1205USR,64
1206USR,41
1207USR,29
1208USR,55
1209USR,48
1210USR,37
1211USR,53
1212USR,5
1213USR,13
1214USR,26
1215USR,56
1216USR,8
1217USR,37
1218USR,56
1219USR,31
1220USR,51
1221USR,21
1222USR,38
1223USR,55
1224USR,7
1225USR,36
1226USR,37
1227USR,10
1228USR,14
1229USR,43
1230USR,64
1231USR,10
1232USR,9
1233USR,3
1234USR,70
1235USR,58
1236USR,18
1237USR,65
1238USR,38
1239USR,18
1240USR,65
1241USR,56
1242USR,13
1243USR,64
1244USR,15
1245USR,50
1246USR,56
1247USR,60
1248USR,60
1249USR,55
1250USR,53
1251USR,16
1252USR,6
1253USR,24
1254USR,49
1255USR,66
1256USR,60
1257USR,25
1258USR,63
1259USR,16
1260USR,38
1261USR,20
1262USR,12
1263USR,11
1264USR,10
1265USR,64
1266USR,1
1267USR,19
1268USR,15
1269USR,9
1270USR,9
1271USR,12
1272USR,39
1273USR,21
1274USR,11
1275USR,24
1276USR,46
1277USR,32
1278USR,44
1279USR,3
1280USR,19
1281USR,37
1282USR,6
1283USR,49
1284USR,15
1285USR,32
1286USR,46
1287USR,24
1288USR,44
1289USR,65
1290USR,8
1291USR,58
1292USR,65
1293USR,67
1294USR,6
1295USR,50
1296USR,64
1297USR,15
1298USR,32
1299USR,39
1300USR,51
1301USR,49
1302USR,47
1303USR,22
1304USR,51
1305USR,35
1306USR,34
1307USR,25
1308USR,59
1309USR,66
1310USR,13
1311USR,16
1312USR,72
1313USR,16
1314USR,14
1315USR,2
1316USR,41
1317USR,5
1318USR,35
1319USR,56
1320USR,57
1321USR,46
1322USR,59
1323USR,72
1324USR,49
1325USR,62
1326USR,38
1327USR,58
1328USR,29
1329USR,66
1330USR,60
1331USR,46
1332USR,70
1333USR,26
1334USR,42
1335USR,11
1336USR,15
1337USR,1
1338USR,17
1339USR,56
1340USR,37
1341USR,44
1342USR,29
1343USR,29
1344USR,26
1345USR,54
1346USR,3
1347USR,55
1348USR,63
1349USR,10
1350USR,11
1351USR,1
1352USR,43
1353USR,5
1354USR,30
1355USR,62
1356USR,49
1357USR,61
1358USR,35
1359USR,43
1360USR,21
1361USR,64
1362USR,64
1363USR,35
1364USR,59
1365USR,68
1366USR,3
1367USR,36
1368USR,6
1369USR,21
1370USR,24
1371USR,70
1372USR,32
1373USR,23
1374USR,45
1375USR,3
1376USR,29
1377USR,27
1378USR,30
1379USR,1
1380USR,51
1381USR,56
1382USR,72
1383USR,10
1384USR,7
1385USR,17
1386USR,69
1387USR,43
1388USR,49
1389USR,25
1390USR,2
1391USR,66
1392USR,71
1393USR,38
1394USR,42
1395USR,24
1396USR,42
1397USR,18
1398USR,24
1399USR,47
1400USR,22
1401USR,10
1402USR,55
1403USR,70
1404USR,8
1405USR,32
1406USR,48
1407USR,26
1408USR,22
1409USR,50
1410USR,43
1411USR,57
1412USR,41
1413USR,46
1414USR,28
1415USR,36
1416USR,19
1417USR,43
1418USR,67
1419USR,21
1420USR,54
1421USR,7
1422USR,18
1423USR,24
1424USR,44
1425USR,26
1426USR,12
1427USR,36
1428USR,30
1429USR,8
1430USR,11
1431USR,22
1432USR,16
1433USR,14
1434USR,65
1435USR,28
1436USR,18
1437USR,66
1438USR,61
1439USR,1
1440USR,20
1441USR,8
1442USR,41
1443USR,37
1444USR,36
1445USR,11
1446USR,59
1447USR,69
1448USR,30
1449USR,7
1450USR,66
1451USR,4
1452USR,5
1453USR,36
1454USR,62
1455USR,7
1456USR,51
1457USR,53
1458USR,50
1459USR,68
1460USR,31
1461USR,2
1462USR,64
1463USR,14
1464USR,1
1465USR,21
1466USR,29
1467USR,61
1468USR,42
1469USR,26
1470USR,39
1471USR,40
1472USR,17
1473USR,66
1474USR,14
1475USR,27
1476USR,4
1477USR,45
1478USR,62
1479USR,26
1480USR,3
1481USR,23
1482USR,55
1483USR,21
1484USR,17
1485USR,43
1486USR,36
1487USR,66
1488USR,34
1489USR,52
1490USR,22
1491USR,68
1492USR,30
1493USR,47
1494USR,38
1495USR,62
1496USR,67
1497USR,65
1498USR,69
1499USR,17
1500USR,37
1501USR,49
1502USR,58
1503USR,20
1504USR,16
1505USR,47
1506USR,27
1507USR,10
1508USR,45
1509USR,23
1510USR,9
1511USR,42
1512USR,1
1513USR,58
1514USR,68
1515USR,28
1516USR,36
1517USR,57
1518USR,18
1519USR,65
1520USR,53
1521USR,48
1522USR,70
1523USR,29
1524USR,1
1525USR,69
1526USR,25
1527USR,58
1528USR,22
1529USR,54
1530USR,43
1531USR,6
1532USR,13
1533USR,38
1534USR,41
1535USR,41
1536USR,54
1537USR,45
1538USR,6
1539USR,44
1540USR,46
1541USR,47
1542USR,33
1543USR,38
1544USR,48
1545USR,59
1546USR,44
1547USR,31
1548USR,27
1549USR,51
1550USR,25
1551USR,17
1552USR,60
1553USR,11
1554USR,3
1555USR,48
1556USR,23
1557USR,67
1558USR,9
1559USR,4
1560USR,18
1561USR,53
1562USR,71
1563USR,3
1564USR,37
1565USR,12
1566USR,35
1567USR,38
1568USR,57
1569USR,5
1570USR,47
1571USR,48
1572USR,36
1573USR,14
1574USR,53
1575USR,56
1576USR,68
1577USR,18
1578USR,4
1579USR,52
1580USR,55
1581USR,63
1582USR,55
1583USR,6
1584USR,13
1585USR,20
1586USR,44
1587USR,69
1588USR,10
1589USR,25
1590USR,60
1591USR,35
1592USR,17
1593USR,59
1594USR,36
1595USR,16
1596USR,3
1597USR,27
1598USR,70
1599USR,56
1600USR,2
1601USR,41
1602USR,20
1603USR,29
1604USR,4
1605USR,5
1606USR,3
1607USR,7
1608USR,9
1609USR,14
1610USR,34
1611USR,12
1612USR,39
1613USR,1
1614USR,56
1615USR,39
1616USR,35
1617USR,53
1618USR,43
1619USR,6
1620USR,21
1621USR,67
1622USR,65
1623USR,29
1624USR,27
1625USR,52
1626USR,5
1627USR,63
1628USR,44
1629USR,55
1630USR,11
1631USR,68
1632USR,47
1633USR,14
1634USR,2
1635USR,50
1636USR,18
1637USR,27
1638USR,45
1639USR,8
1640USR,43
1641USR,21
1642USR,14
1643USR,69
1644USR,67
1645USR,7
1646USR,4
1647USR,72
1648USR,22
1649USR,48
1650USR,33
1651USR,38
1652USR,18
1653USR,15
1654USR,11
1655USR,22
1656USR,56
1657USR,52
1658USR,54
1659USR,11
1660USR,47
1661USR,29
1662USR,28
1663USR,69
1664USR,54
1665USR,67
1666USR,50
1667USR,31
1668USR,27
1669USR,51
1670USR,11
1671USR,2
1672USR,20
1673USR,18
1674USR,12
1675USR,60
1676USR,53
1677USR,37
1678USR,71
1679USR,15
1680USR,11
1681USR,46
1682USR,2
1683USR,9
1684USR,47
1685USR,3
1686USR,38
1687USR,40
1688USR,29
1689USR,64
1690USR,65
1691USR,33
1692USR,41
1693USR,14
1694USR,36
1695USR,40
1696USR,41
1697USR,21
1698USR,64
1699USR,29
1700USR,34
1701USR,24
1702USR,67
1703USR,8
1704USR,1
1705USR,6
1706USR,49
1707USR,21
1708USR,68
1709USR,20
1710USR,62
1711USR,71
1712USR,50
1713USR,70
1714USR,55
1715USR,34
1716USR,24
1717USR,2
1718USR,35
1719USR,31
1720USR,30
1721USR,65
1722USR,65
1723USR,59
1724USR,24
1725USR,5
1726USR,8
1727USR,47
1728USR,9
1729USR,24
1730USR,30
1731USR,27
1732USR,51
1733USR,5
1734USR,58
1735USR,62
1736USR,56
1737USR,18
1738USR,4
1739USR,6
1740USR,13
1741USR,2
1742USR,41
1743USR,70
1744USR,61
1745USR,51
1746USR,40
1747USR,47
1748USR,11
1749USR,17
1750USR,52
1751USR,10
1752USR,23
1753USR,56
1754USR,13
1755USR,60
1756USR,8
1757USR,44
1758USR,62
1759USR,65
1760USR,25
1761USR,31
1762USR,27
1763USR,14
1764USR,23
1765USR,16
1766USR,35
1767USR,42
1768USR,37
1769USR,71
1770USR,70
1771USR,22
1772USR,21
1773USR,28
1774USR,34
1775USR,19
1776USR,10
1777USR,47
1778USR,25
1779USR,50
1780USR,28
1781USR,51
1782USR,59
1783USR,36
1784USR,9
1785USR,5
1786USR,14
1787USR,64
1788USR,65
1789USR,20
1790USR,7
1791USR,30
1792USR,30
1793USR,29
1794USR,21
1795USR,21
1796USR,39
1797USR,5
1798USR,44
1799USR,50
1800USR,61
1801USR,11
1802USR,18
1803USR,45
1804USR,45
1805USR,30
1806USR,62
1807USR,13
1808USR,39
1809USR,13
1810USR,35
1811USR,63
1812USR,64
1813USR,68
1814USR,10
1815USR,26
1816USR,71
1817USR,8
1818USR,65
1819USR,8
1820USR,68
1821USR,4
1822USR,10
1823USR,67
1824USR,64
1825USR,5
1826USR,46
1827USR,25
1828USR,34
1829USR,26
1830USR,2
1831USR,1
1832USR,9
1833USR,26
1834USR,70
1835USR,31
1836USR,51
1837USR,34
1838USR,10
1839USR,7
1840USR,59
1841USR,50
1842USR,4
1843USR,68
1844USR,72
1845USR,16
1846USR,68
1847USR,17
1848USR,8
1849USR,59
1850USR,3
1851USR,34
1852USR,24
1853USR,42
1854USR,8
1855USR,13
1856USR,25
1857USR,24
1858USR,23
1859USR,42
1860USR,40
1861USR,60
1862USR,21
1863USR,71
1864USR,70
1865USR,13
1866USR,46
1867USR,7
1868USR,64
1869USR,23
1870USR,9
1871USR,60
1872USR,16
1873USR,32
1874USR,33
1875USR,27
1876USR,72
1877USR,33
1878USR,65
1879USR,43
1880USR,68
1881USR,16
1882USR,72
1883USR,20
1884USR,52
1885USR,33
1886USR,4
1887USR,64
1888USR,39
1889USR,61
1890USR,16
1891USR,48
1892USR,42
1893USR,26
1894USR,60
1895USR,5
1896USR,53
1897USR,8
1898USR,17
1899USR,51
1900USR,45
1901USR,35
1902USR,18
1903USR,31
1904USR,39
1905USR,8
1906USR,23
1907USR,52
1908USR,21
1909USR,58
1910USR,31
1911USR,43
1912USR,37
1913USR,72
1914USR,67
1915USR,20
1916USR,50
1917USR,33
1918USR,33
1919USR,64
1920USR,44
1921USR,23
1922USR,39
1923USR,10
1924USR,49
1925USR,11
1926USR,12
1927USR,3
1928USR,18
1929USR,40
1930USR,63
1931USR,35
1932USR,39
1933USR,28
1934USR,58
1935USR,18
1936USR,60
1937USR,5
1938USR,70
1939USR,65
1940USR,43
1941USR,24
1942USR,24
1943USR,5
1944USR,29
1945USR,23
1946USR,14
1947USR,16
1948USR,36
1949USR,51
1950USR,12
1951USR,13
1952USR,26
1953USR,70
1954USR,41
1955USR,61
1956USR,30
1957USR,49
1958USR,5
1959USR,9
1960USR,61
1961USR,24
1962USR,31
1963USR,36
1964USR,44
1965USR,32
1966USR,59
1967USR,32
1968USR,50
1969USR,58
1970USR,24
1971USR,40
1972USR,8
1973USR,69
1974USR,10
1975USR,10
1976USR,51
1977USR,65
1978USR,45
1979USR,35
1980USR,8
1981USR,36
1982USR,50
1983USR,61
1984USR,12
1985USR,34
1986USR,44
1987USR,52
1988USR,62
1989USR,42
1990USR,1
1991USR,67
1992USR,2
1993USR,25
1994USR,67
1995USR,28
1996USR,37
1997USR,8
1998USR,29
1999USR,68
2000USR,40
2001USR,28
2002USR,48
2003USR,1
2004USR,48
2005USR,15
2006USR,9
2007USR,49
2008USR,62
2009USR,16
2010USR,34
2011USR,16
2012USR,43
2013USR,65
2014USR,43
2015USR,38
2016USR,46
2017USR,28
2018USR,1
2019USR,67
2020USR,21
2021USR,40
2022USR,32
2023USR,18
2024USR,7
2025USR,17
2026USR,50
2027USR,57
2028USR,8
2029USR,27
2030USR,24
2031USR,34
2032USR,1
2033USR,57
2034USR,2
2035USR,48
2036USR,3
2037USR,20
2038USR,5
2039USR,50
2040USR,20
2041USR,10
2042USR,23
2043USR,31
2044USR,13
2045USR,30
2046USR,41
2047USR,36
2048USR,72
2049USR,48
2050USR,27
2051USR,52
2052USR,42
2053USR,70
2054USR,1
2055USR,1
2056USR,2
2057USR,27
2058USR,25
2059USR,70
2060USR,39
2061USR,32
2062USR,31
2063USR,61
2064USR,42
2065USR,46
2066USR,18
2067USR,70
2068USR,13
2069USR,22
2070USR,58
2071USR,63
2072USR,40
2073USR,52
2074USR,46
2075USR,65
2076USR,3
2077USR,36
2078USR,23
2079USR,43
2080USR,16
2081USR,22
2082USR,26
2083USR,59
2084USR,49
2085USR,31
2086USR,25
2087USR,32
2088USR,6
2089USR,64
2090USR,71
2091USR,64
2092USR,62
2093USR,14
2094USR,24
2095USR,17
2096USR,63
2097USR,36
2098USR,2
2099USR,6
2100USR,25
2101USR,1
2102USR,68
2103USR,52
2104USR,42
2105USR,55
2106USR,46
2107USR,36
2108USR,52
2109USR,22
2110USR,59
2111USR,69
2112USR,53
2113USR,33
2114USR,12
2115USR,43
2116USR,50
2117USR,60
2118USR,45
2119USR,69
2120USR,48
2121USR,19
2122USR,36
2123USR,51
2124USR,10
2125USR,37
2126USR,61
2127USR,65
2128USR,64
2129USR,55
2130USR,2
2131USR,37
2132USR,47
2133USR,6
2134USR,54
2135USR,72
2136USR,20
2137USR,60
2138USR,47
2139USR,23
2140USR,57
2141USR,17
2142USR,10
2143USR,60
2144USR,14
2145USR,53
2146USR,20
2147USR,33
2148USR,69
2149USR,6
2150USR,65
2151USR,53
2152USR,64
2153USR,37
2154USR,55
2155USR,13
2156USR,51
2157USR,24
2158USR,20
2159USR,26
2160USR,24
2161USR,72
2162USR,67
2163USR,72
2164USR,57
2165USR,16
2166USR,36
2167USR,65
2168USR,48
2169USR,56
2170USR,60
2171USR,55
2172USR,51
2173USR,40
2174USR,70
2175USR,46
2176USR,19
2177USR,26
2178USR,51
2179USR,41
2180USR,28
2181USR,55
2182USR,24
2183USR,1
2184USR,2
2185USR,32
2186USR,51
2187USR,9
2188USR,53
2189USR,38
2190USR,6
2191USR,4
2192USR,44
2193USR,19
2194USR,12
2195USR,23
2196USR,50
2197USR,3
2198USR,51
2199USR,37
2200USR,34
2201USR,26
2202USR,46
2203USR,54
2204USR,70
2205USR,20
2206USR,55
2207USR,9
2208USR,40
2209USR,36
2210USR,53
2211USR,19
2212USR,7
2213USR,72
2214USR,35
2215USR,38
2216USR,27
2217USR,11
2218USR,18
2219USR,23
2220USR,64
2221USR,67
2222USR,63
2223USR,46
2224USR,48
2225USR,8
2226USR,66
2227USR,18
2228USR,57
2229USR,24
2230USR,9
2231USR,69
2232USR,4
2233USR,54
2234USR,72
2235USR,34
2236USR,28
2237USR,70
2238USR,39
2239USR,51
2240USR,22
2241USR,40
2242USR,24
2243USR,23
2244USR,2
2245USR,20
2246USR,3
2247USR,11
2248USR,9
2249USR,51
2250USR,11
2251USR,54
2252USR,49
2253USR,30
2254USR,32
2255USR,4
2256USR,30
2257USR,25
2258USR,63
2259USR,25
2260USR,45
2261USR,63
2262USR,63
2263USR,18
2264USR,4
2265USR,24
2266USR,7
2267USR,40
2268USR,20
2269USR,40
2270USR,40
2271USR,36
2272USR,27
2273USR,25
2274USR,17
2275USR,62
2276USR,69
2277USR,32
2278USR,43
2279USR,37
2280USR,68
2281USR,2
2282USR,63
2283USR,25
2284USR,8
2285USR,20
2286USR,37
2287USR,66
2288USR,63
2289USR,24
2290USR,57
2291USR,41
2292USR,44
2293USR,47
2294USR,17
2295USR,25
2296USR,43
2297USR,66
2298USR,58
2299USR,13
2300USR,69
2301USR,72
2302USR,60
2303USR,70
2304USR,14
2305USR,45
2306USR,23
2307USR,48
2308USR,48
2309USR,50
2310USR,29
2311USR,37
2312USR,57
2313USR,13
2314USR,43
2315USR,23
2316USR,47
2317USR,42
2318USR,34
2319USR,32
2320USR,59
2321USR,58
2322USR,43
2323USR,45
2324USR,16
2325USR,42
2326USR,50
2327USR,71
2328USR,8
2329USR,9
2330USR,2
2331USR,48
2332USR,11
2333USR,6
2334USR,55
2335USR,27
2336USR,30
2337USR,30
2338USR,36
2339USR,5
2340USR,60
2341USR,10
2342USR,32
2343USR,6
2344USR,43
2345USR,46
2346USR,65
2347USR,39
2348USR,48
2349USR,36
2350USR,16
2351USR,55
2352USR,56
2353USR,72
2354USR,24
2355USR,58
2356USR,13
2357USR,68
2358USR,3
2359USR,68
2360USR,1
2361USR,14
2362USR,1
2363USR,49
2364USR,58
2365USR,16
2366USR,17
2367USR,42
2368USR,61
2369USR,61
2370USR,60
2371USR,47
2372USR,35
2373USR,21
2374USR,44
2375USR,17
2376USR,35
2377USR,51
2378USR,11
2379USR,20
2380USR,16
2381USR,33
2382USR,33
2383USR,14
2384USR,42
2385USR,52
2386USR,36
2387USR,17
2388USR,30
2389USR,24
2390USR,17
2391USR,69
2392USR,13
2393USR,16
2394USR,48
2395USR,62
2396USR,42
2397USR,13
2398USR,2
2399USR,5
2400USR,61
2401USR,37
2402USR,32
2403USR,41
2404USR,4
2405USR,63
2406USR,11
2407USR,71
2408USR,23
2409USR,36
2410USR,11
2411USR,39
2412USR,50
2413USR,7
2414USR,8
2415USR,56
2416USR,14
2417USR,69
2418USR,33
2419USR,8
2420USR,30
2421USR,31
2422USR,40
2423USR,67
2424USR,40
2425USR,7
2426USR,41
2427USR,38
2428USR,21
2429USR,63
2430USR,35
2431USR,69
2432USR,45
2433USR,60
2434USR,65
2435USR,26
2436USR,22
2437USR,54
2438USR,55
2439USR,68
2440USR,46
2441USR,22
2442USR,24
2443USR,36
2444USR,10
2445USR,67
2446USR,39
2447USR,44
2448USR,14
2449USR,10
2450USR,1
2451USR,23
2452USR,51
2453USR,71
2454USR,31
2455USR,26
2456USR,52
2457USR,31
2458USR,63
2459USR,9
2460USR,51
2461USR,55
2462USR,19
2463USR,49
2464USR,36
2465USR,33
2466USR,50
2467USR,65
2468USR,67
2469USR,49
2470USR,24
2471USR,5
2472USR,36
2473USR,64
2474USR,26
2475USR,12
2476USR,52
2477USR,21
2478USR,4
2479USR,54
2480USR,64
2481USR,12
2482USR,45
2483USR,65
2484USR,21
2485USR,19
2486USR,63
2487USR,40
2488USR,15
2489USR,21
2490USR,56
2491USR,4
2492USR,5
2493USR,53
2494USR,26
2495USR,42
2496USR,36
2497USR,6
2498USR,2
2499USR,40
2500USR,51
2501USR,54
2502USR,22
2503USR,25
2504USR,62
2505USR,11
2506USR,8
2507USR,52
2508USR,37
2509USR,17
2510USR,31
2511USR,52
2512USR,50
2513USR,42
2514USR,23
2515USR,18
2516USR,20
2517USR,51
2518USR,7
2519USR,5
2520USR,39
2521USR,29
2522USR,40
2523USR,67
2524USR,67
2525USR,30
2526USR,36
2527USR,50
2528USR,24
2529USR,42
2530USR,35
2531USR,72
2532USR,34
2533USR,46
2534USR,69
2535USR,51
2536USR,40
2537USR,17
2538USR,14
2539USR,61
2540USR,70
2541USR,11
2542USR,2
2543USR,22
2544USR,16
2545USR,53
2546USR,67
2547USR,38
2548USR,31
2549USR,42
2550USR,43
2551USR,27
2552USR,1
2553USR,40
2554USR,67
2555USR,11
2556USR,57
2557USR,22
2558USR,52
2559USR,12
2560USR,56
2561USR,48
2562USR,30
2563USR,19
2564USR,24
2565USR,28
2566USR,58
2567USR,71
2568USR,66
2569USR,41
2570USR,47
2571USR,61
2572USR,32
2573USR,70
2574USR,26
2575USR,51
2576USR,9
2577USR,8
2578USR,10
2579USR,19
2580USR,64
2581USR,5
2582USR,23
2583USR,46
2584USR,32
2585USR,57
2586USR,33
2587USR,17
2588USR,27
2589USR,63
2590USR,19
2591USR,3
2592USR,61
2593USR,49
2594USR,70
2595USR,28
2596USR,43
2597USR,50
2598USR,64
2599USR,46
2600USR,40
2601USR,41
2602USR,10
2603USR,48
2604USR,23
2605USR,68
2606USR,45
2607USR,33
2608USR,59
2609USR,38
2610USR,67
2611USR,64
2612USR,15
2613USR,29
2614USR,38
2615USR,71
2616USR,41
2617USR,24
2618USR,10
2619USR,67
2620USR,23
2621USR,16
2622USR,41
2623USR,9
2624USR,34
2625USR,4
2626USR,8
2627USR,43
2628USR,17
2629USR,21
2630USR,19
2631USR,8
2632USR,12
2633USR,32
2634USR,19
2635USR,56
2636USR,38
2637USR,69
2638USR,7
2639USR,54
2640USR,9
2641USR,47
2642USR,35
2643USR,46
2644USR,21
2645USR,65
2646USR,53
2647USR,31
2648USR,43
2649USR,34
2650USR,29
2651USR,15
2652USR,37
2653USR,70
2654USR,67
2655USR,67
2656USR,28
2657USR,50
2658USR,61
2659USR,25
2660USR,30
2661USR,22
2662USR,56
2663USR,14
2664USR,27
2665USR,20
2666USR,72
2667USR,31
2668USR,69
2669USR,19
2670USR,50
2671USR,36
2672USR,53
2673USR,17
2674USR,19
2675USR,6
2676USR,14
2677USR,10
2678USR,15
2679USR,69
2680USR,68
2681USR,48
2682USR,33
2683USR,56
2684USR,47
2685USR,26
2686USR,12
2687USR,55
2688USR,26
2689USR,42
2690USR,36
2691USR,59
2692USR,49
2693USR,68
2694USR,30
2695USR,55
2696USR,52
2697USR,28
2698USR,34
2699USR,8
2700USR,34
2701USR,33
2702USR,23
2703USR,67
2704USR,12
2705USR,45
2706USR,24
2707USR,21
2708USR,46
2709USR,30
2710USR,16
2711USR,5
2712USR,58
2713USR,13
2714USR,48
2715USR,64
2716USR,66
2717USR,37
2718USR,45
2719USR,34
2720USR,55
2721USR,5
2722USR,63
2723USR,50
2724USR,38
2725USR,11
2726USR,72
2727USR,58
2728USR,50
2729USR,62
2730USR,17
2731USR,59
2732USR,21
2733USR,55
2734USR,35
2735USR,40
2736USR,26
2737USR,24
2738USR,49
2739USR,44
2740USR,60
2741USR,50
2742USR,10
2743USR,7
2744USR,44
2745USR,34
2746USR,17
2747USR,1
2748USR,19
2749USR,62
2750USR,72
2751USR,63
2752USR,49
2753USR,16
2754USR,2
2755USR,2
2756USR,22
2757USR,68
2758USR,56
2759USR,32
2760USR,54
2761USR,23
2762USR,72
2763USR,49
2764USR,25
2765USR,51
2766USR,59
2767USR,19
2768USR,66
2769USR,68
2770USR,10
2771USR,57
2772USR,65
2773USR,56
2774USR,60
2775USR,50
2776USR,4
2777USR,7
2778USR,24
2779USR,52
2780USR,61
2781USR,70
2782USR,7
2783USR,22
2784USR,67
2785USR,28
2786USR,69
2787USR,9
2788USR,60
2789USR,41
2790USR,38
2791USR,7
2792USR,54
2793USR,40
2794USR,30
2795USR,1
2796USR,65
2797USR,38
2798USR,27
2799USR,22
2800USR,2
2801USR,50
2802USR,52
2803USR,20
2804USR,65
2805USR,55
2806USR,64
2807USR,14
2808USR,43
2809USR,72
2810USR,39
2811USR,55
2812USR,50
2813USR,29
2814USR,45
2815USR,6
2816USR,55
2817USR,63
2818USR,36
2819USR,44
2820USR,23
2821USR,50
2822USR,19
2823USR,60
2824USR,28
2825USR,69
2826USR,72
2827USR,29
2828USR,64
2829USR,60
2830USR,48
2831USR,61
2832USR,59
2833USR,48
2834USR,16
2835USR,61
2836USR,41
2837USR,35
2838USR,38
2839USR,23
2840USR,15
2841USR,61
2842USR,36
2843USR,47
2844USR,29
2845USR,14
2846USR,17
2847USR,28
2848USR,37
2849USR,70
2850USR,3
2851USR,63
2852USR,52
2853USR,50
2854USR,71
2855USR,5
2856USR,53
2857USR,2
2858USR,57
2859USR,10
2860USR,16
2861USR,59
2862USR,63
2863USR,28
2864USR,3
2865USR,39
2866USR,5
2867USR,65
2868USR,68
2869USR,45
2870USR,16
2871USR,34
2872USR,43
2873USR,6
2874USR,3
2875USR,17
2876USR,46
2877USR,34
2878USR,72
2879USR,32
2880USR,58
2881USR,37
2882USR,63
2883USR,54
2884USR,7
2885USR,10
2886USR,25
2887USR,20
2888USR,19
2889USR,61
2890USR,26
2891USR,14
2892USR,12
2893USR,42
2894USR,42
2895USR,31
2896USR,6
2897USR,27
2898USR,8
2899USR,9
2900USR,24
2901USR,40
2902USR,49
2903USR,56
2904USR,11
2905USR,37
2906USR,23
2907USR,22
2908USR,37
2909USR,19
2910USR,68
2911USR,21
2912USR,48
2913USR,19
2914USR,40
2915USR,52
2916USR,6
2917USR,68
2918USR,40
2919USR,13
2920USR,49
2921USR,57
2922USR,51
2923USR,3
2924USR,68
2925USR,47
2926USR,7
2927USR,12
2928USR,54
2929USR,25
2930USR,3
2931USR,16
2932USR,67
2933USR,31
2934USR,10
2935USR,69
2936USR,26
2937USR,11
2938USR,2
2939USR,35
2940USR,48
2941USR,43
2942USR,5
2943USR,69
2944USR,41
2945USR,43
2946USR,48
2947USR,60
2948USR,48
2949USR,6
2950USR,6
2951USR,7
2952USR,6
2953USR,40
2954USR,30
2955USR,19
2956USR,7
2957USR,13
2958USR,50
2959USR,55
2960USR,72
2961USR,48
2962USR,54
2963USR,7
2964USR,21
2965USR,39
2966USR,52
2967USR,10
2968USR,70
2969USR,40
2970USR,64
2971USR,51
2972USR,18
2973USR,70
2974USR,24
2975USR,36
2976USR,28
2977USR,44
2978USR,26
2979USR,64
2980USR,28
2981USR,47
2982USR,46
2983USR,21
2984USR,58
2985USR,19
2986USR,33
2987USR,41
2988USR,17
2989USR,64
2990USR,55
2991USR,54
2992USR,38
2993USR,61
2994USR,26
2995USR,6
2996USR,36
2997USR,67
2998USR,66
2999USR,17
3000USR,21
3001USR,13
3002USR,62
3003USR,61
3004USR,41
3005USR,50
3006USR,42
3007USR,29
3008USR,43
3009USR,22
3010USR,46
3011USR,50
3012USR,18
3013USR,6
3014USR,23
3015USR,17
3016USR,61
3017USR,19
3018USR,63
3019USR,3
3020USR,30
3021USR,71
3022USR,47
3023USR,53
3024USR,47
3025USR,61
3026USR,45
3027USR,9
3028USR,37
3029USR,64
3030USR,8
3031USR,45
3032USR,51
3033USR,61
3034USR,69
3035USR,60
3036USR,34
3037USR,56
3038USR,24
3039USR,58
3040USR,69
3041USR,8
3042USR,44
3043USR,61
3044USR,3
3045USR,33
3046USR,37
3047USR,41
3048USR,47
3049USR,18
3050USR,8
3051USR,71
3052USR,53
3053USR,48
3054USR,37
3055USR,7
3056USR,62
3057USR,36
3058USR,62
3059USR,50
3060USR,67
3061USR,45
3062USR,26
3063USR,23
3064USR,50
3065USR,55
3066USR,63
3067USR,48
3068USR,26
3069USR,62
3070USR,5
3071USR,18
3072USR,11
3073USR,13
3074USR,55
3075USR,67
3076USR,59
3077USR,10
3078USR,29
3079USR,55
3080USR,36
3081USR,40
3082USR,13
3083USR,25
3084USR,7
3085USR,35
3086USR,1
3087USR,30
3088USR,22
3089USR,18
3090USR,12
3091USR,18
3092USR,67
3093USR,38
3094USR,31
3095USR,3
3096USR,50
3097USR,70
3098USR,31
3099USR,59
3100USR,17
3101USR,65
3102USR,33
3103USR,30
3104USR,10
3105USR,55
3106USR,43
3107USR,60
3108USR,43
3109USR,22
3110USR,7
3111USR,39
3112USR,51
3113USR,71
3114USR,1
3115USR,13
3116USR,5
3117USR,37
3118USR,63
3119USR,6
3120USR,56
3121USR,42
3122USR,9
3123USR,72
3124USR,4
3125USR,22
3126USR,44
3127USR,64
3128USR,54
3129USR,53
3130USR,58
3131USR,56
3132USR,7
3133USR,6
3134USR,48
3135USR,3
3136USR,18
3137USR,7
3138USR,50
3139USR,70
3140USR,51
3141USR,49
3142USR,42
3143USR,5
3144USR,50
3145USR,33
3146USR,46
3147USR,26
3148USR,47
3149USR,21
3150USR,40
3151USR,36
3152USR,26
3153USR,22
3154USR,67
3155USR,15
3156USR,72
3157USR,65
3158USR,44
3159USR,57
3160USR,61
3161USR,24
3162USR,47
3163USR,70
3164USR,9
3165USR,36
3166USR,37
3167USR,21
3168USR,49
3169USR,14
3170USR,13
3171USR,39
3172USR,49
3173USR,21
3174USR,5
3175USR,39
3176USR,8
3177USR,38
3178USR,60
3179USR,62
3180USR,12
3181USR,5
3182USR,13
3183USR,20
3184USR,62
3185USR,10
3186USR,40
3187USR,41
3188USR,9
3189USR,24
3190USR,61
3191USR,27
3192USR,69
3193USR,34
3194USR,71
3195USR,24
3196USR,58
3197USR,47
3198USR,67
3199USR,61
3200USR,49
3201USR,15
3202USR,51
3203USR,27
3204USR,55
3205USR,63
3206USR,21
3207USR,58
3208USR,46
3209USR,27
3210USR,72
3211USR,64
3212USR,51
3213USR,2
3214USR,43
3215USR,57
3216USR,14
3217USR,1
3218USR,55
3219USR,24
3220USR,63
3221USR,55
3222USR,32
3223USR,12
3224USR,52
3225USR,67
3226USR,67
3227USR,46
3228USR,3
3229USR,55
3230USR,43
3231USR,39
3232USR,27
3233USR,52
3234USR,42
3235USR,72
3236USR,13
3237USR,62
3238USR,36
3239USR,30
3240USR,31
3241USR,20
3242USR,2
3243USR,70
3244USR,60
3245USR,4
3246USR,42
3247USR,32
3248USR,57
3249USR,54
3250USR,16
3251USR,25
3252USR,61
3253USR,2
3254USR,29
3255USR,24
3256USR,69
3257USR,25
3258USR,62
3259USR,42
3260USR,54
3261USR,41
3262USR,38
3263USR,4
3264USR,50
3265USR,70
3266USR,10
3267USR,72
3268USR,23
3269USR,48
3270USR,68
3271USR,24
3272USR,64
3273USR,65
3274USR,57
3275USR,61
3276USR,18
3277USR,41
3278USR,52
3279USR,43
3280USR,68
3281USR,59
3282USR,34
3283USR,49
3284USR,19
3285USR,4
3286USR,8
3287USR,43
3288USR,33
3289USR,18
3290USR,43
3291USR,29
3292USR,38
3293USR,54
3294USR,68
3295USR,40
3296USR,66
3297USR,45
3298USR,22
3299USR,67
3300USR,61
3301USR,69
3302USR,67
3303USR,39
3304USR,6
3305USR,7
3306USR,7
3307USR,29
3308USR,35
3309USR,2
3310USR,51
3311USR,29
3312USR,68
3313USR,26
3314USR,52
3315USR,24
3316USR,6
3317USR,60
3318USR,54
3319USR,68
3320USR,37
3321USR,4
3322USR,9
3323USR,59
3324USR,32
3325USR,69
3326USR,20
3327USR,27
3328USR,44
3329USR,60
3330USR,29
3331USR,12
3332USR,70
3333USR,72
3334USR,15
3335USR,67
3336USR,37
3337USR,2
3338USR,2
3339USR,31
3340USR,43
3341USR,42
3342USR,61
3343USR,29
3344USR,40
3345USR,19
3346USR,11
3347USR,53
3348USR,14
3349USR,72
3350USR,54
3351USR,16
3352USR,12
3353USR,1
3354USR,63
3355USR,13
3356USR,52
3357USR,15
3358USR,3
3359USR,27
3360USR,8
3361USR,18
3362USR,23
3363USR,63
3364USR,25
3365USR,71
3366USR,38
3367USR,70
3368USR,66
3369USR,5
3370USR,31
3371USR,6
3372USR,33
3373USR,44
3374USR,70
3375USR,13
3376USR,49
3377USR,49
3378USR,61
3379USR,31
3380USR,1
3381USR,3
3382USR,4
3383USR,4
3384USR,3
3385USR,42
3386USR,28
3387USR,1
3388USR,59
3389USR,58
3390USR,31
3391USR,20
3392USR,57
3393USR,29
3394USR,47
3395USR,40
3396USR,1
3397USR,25
3398USR,10
3399USR,7
3400USR,34
3401USR,47
3402USR,53
3403USR,18
3404USR,26
3405USR,43
3406USR,2
3407USR,69
3408USR,43
3409USR,23
3410USR,10
3411USR,45
3412USR,33
3413USR,50
3414USR,37
3415USR,2
3416USR,44
3417USR,69
3418USR,5
3419USR,30
3420USR,3
3421USR,7
3422USR,8
3423USR,18
3424USR,62
3425USR,34
3426USR,14
3427USR,52
3428USR,36
3429USR,7
3430USR,18
3431USR,35
3432USR,71
3433USR,24
3434USR,22
3435USR,6
3436USR,41
3437USR,42
3438USR,70
3439USR,37
3440USR,32
3441USR,52
3442USR,49
3443USR,12
3444USR,29
3445USR,37
3446USR,37
3447USR,37
3448USR,60
3449USR,6
3450USR,51
3451USR,26
3452USR,12
3453USR,60
3454USR,36
3455USR,71
3456USR,31
3457USR,30
3458USR,57
3459USR,17
3460USR,31
3461USR,26
3462USR,47
3463USR,57
3464USR,42
3465USR,16
3466USR,54
3467USR,54
3468USR,55
3469USR,70
3470USR,36
3471USR,8
3472USR,12
3473USR,64
3474USR,24
3475USR,30
3476USR,47
3477USR,30
3478USR,9
3479USR,35
3480USR,20
3481USR,38
3482USR,36
3483USR,30
3484USR,55
3485USR,67
3486USR,40
3487USR,18
3488USR,51
3489USR,16
3490USR,8
3491USR,29
3492USR,44
3493USR,39
3494USR,69
3495USR,69
3496USR,71
3497USR,48
3498USR,28
3499USR,37
3500USR,37
3501USR,18
3502USR,48
3503USR,58
3504USR,68
3505USR,45
3506USR,56
3507USR,46
3508USR,32
3509USR,44
3510USR,34
3511USR,20
3512USR,52
3513USR,3
3514USR,37
3515USR,2
3516USR,14
3517USR,13
3518USR,13
3519USR,63
3520USR,1
3521USR,33
3522USR,13
3523USR,11
3524USR,62
3525USR,27
3526USR,2
3527USR,42
3528USR,46
3529USR,68
3530USR,41
3531USR,23
3532USR,21
3533USR,34
3534USR,15
3535USR,21
3536USR,1
3537USR,35
3538USR,12
3539USR,45
3540USR,56
3541USR,61
3542USR,43
3543USR,12
3544USR,3
3545USR,50
3546USR,54
3547USR,24
3548USR,65
3549USR,62
3550USR,30
3551USR,3
3552USR,70
3553USR,30
3554USR,56
3555USR,16
3556USR,33
3557USR,45
3558USR,61
3559USR,24
3560USR,56
3561USR,17
3562USR,44
3563USR,71
3564USR,23
3565USR,45
3566USR,69
3567USR,40
3568USR,44
3569USR,51
3570USR,54
3571USR,44
3572USR,20
3573USR,72
3574USR,59
3575USR,59
3576USR,1
3577USR,6
3578USR,34
3579USR,7
3580USR,68
3581USR,67
3582USR,30
3583USR,54
3584USR,57
3585USR,56
3586USR,36
3587USR,34
3588USR,59
3589USR,38
3590USR,1
3591USR,51
3592USR,30
3593USR,1
3594USR,3
3595USR,30
3596USR,37
3597USR,22
3598USR,70
3599USR,26
3600USR,53
3601USR,28
3602USR,60
3603USR,64
3604USR,38
3605USR,44
3606USR,12
3607USR,62
3608USR,28
3609USR,72
3610USR,11
3611USR,54
3612USR,8
3613USR,37
3614USR,66
3615USR,50
3616USR,30
3617USR,18
3618USR,70
3619USR,50
3620USR,55
3621USR,57
3622USR,21
3623USR,43
3624USR,6
3625USR,17
3626USR,44
3627USR,61
3628USR,5
3629USR,43
3630USR,57
3631USR,54
3632USR,47
3633USR,68
3634USR,61
3635USR,18
3636USR,13
3637USR,12
3638USR,40
3639USR,4
3640USR,14
3641USR,61
3642USR,12
3643USR,45
3644USR,41
3645USR,27
3646USR,39
3647USR,70
3648USR,47
3649USR,46
3650USR,27
3651USR,4
3652USR,23
3653USR,1
3654USR,17
3655USR,65
3656USR,15
3657USR,29
3658USR,2
3659USR,66
3660USR,56
3661USR,31
3662USR,6
3663USR,50
3664USR,58
3665USR,47
3666USR,24
3667USR,17
3668USR,56
3669USR,40
3670USR,53
3671USR,51
3672USR,54
3673USR,38
3674USR,32
3675USR,41
3676USR,52
3677USR,43
3678USR,9
3679USR,69
3680USR,51
3681USR,37
3682USR,63
3683USR,39
3684USR,44
3685USR,29
3686USR,8
3687USR,40
3688USR,66
3689USR,41
3690USR,34
3691USR,62
3692USR,68
3693USR,50
3694USR,63
3695USR,35
3696USR,8
3697USR,48
3698USR,43
3699USR,69
3700USR,33
3701USR,28
3702USR,64
3703USR,24
3704USR,24
3705USR,45
3706USR,1
3707USR,50
3708USR,50
3709USR,42
3710USR,71
3711USR,34
3712USR,39
3713USR,22
3714USR,68
3715USR,62
3716USR,54
3717USR,8
3718USR,6
3719USR,32
3720USR,9
3721USR,25
3722USR,55
3723USR,16
3724USR,25
3725USR,72
3726USR,47
3727USR,72
3728USR,24
3729USR,5
3730USR,1
3731USR,23
3732USR,63
3733USR,61
3734USR,24
3735USR,3
3736USR,63
3737USR,42
3738USR,55
3739USR,39
3740USR,50
3741USR,26
3742USR,24
3743USR,5
3744USR,15
3745USR,48
3746USR,43
3747USR,64
3748USR,41
3749USR,54
3750USR,69
3751USR,63
3752USR,43
3753USR,65
3754USR,70
3755USR,65
3756USR,51
3757USR,72
3758USR,65
3759USR,55
3760USR,23
3761USR,47
3762USR,61
3763USR,24
3764USR,55
3765USR,70
3766USR,40
3767USR,64
3768USR,64
3769USR,16
3770USR,28
3771USR,48
3772USR,38
3773USR,11
3774USR,34
3775USR,37
3776USR,61
3777USR,39
3778USR,17
3779USR,42
3780USR,1
3781USR,64
3782USR,60
3783USR,68
3784USR,64
3785USR,5
3786USR,52
3787USR,16
3788USR,13
3789USR,20
3790USR,59
3791USR,67
3792USR,19
3793USR,31
3794USR,72
3795USR,22
3796USR,46
3797USR,58
3798USR,38
3799USR,31
3800USR,19
3801USR,24
3802USR,18
3803USR,37
3804USR,9
3805USR,31
3806USR,24
3807USR,15
3808USR,54
3809USR,43
3810USR,59
3811USR,11
3812USR,14
3813USR,47
3814USR,10
3815USR,23
3816USR,9
3817USR,5
3818USR,27
3819USR,16
3820USR,28
3821USR,36
3822USR,1
3823USR,33
3824USR,10
3825USR,50
3826USR,40
3827USR,12
3828USR,63
3829USR,35
3830USR,41
3831USR,11
3832USR,52
3833USR,54
3834USR,10
3835USR,37
3836USR,27
3837USR,4
3838USR,19
3839USR,50
3840USR,3
3841USR,69
3842USR,41
3843USR,58
3844USR,68
3845USR,50
3846USR,51
3847USR,34
3848USR,50
3849USR,1
3850USR,23
3851USR,40
3852USR,15
3853USR,43
3854USR,30
3855USR,63
3856USR,22
3857USR,72
3858USR,17
3859USR,35
3860USR,62
3861USR,24
3862USR,48
3863USR,1
3864USR,6
3865USR,57
3866USR,5
3867USR,25
3868USR,49
3869USR,52
3870USR,48
3871USR,6
3872USR,72
3873USR,43
3874USR,64
3875USR,28
3876USR,49
3877USR,60
3878USR,26
3879USR,30
3880USR,30
3881USR,59
3882USR,39
3883USR,42
3884USR,29
3885USR,10
3886USR,7
3887USR,70
3888USR,61
3889USR,2
3890USR,72
3891USR,1
3892USR,70
3893USR,31
3894USR,18
3895USR,67
3896USR,9
3897USR,72
3898USR,68
3899USR,68
3900USR,53
3901USR,10
3902USR,56
3903USR,35
3904USR,17
3905USR,47
3906USR,33
3907USR,56
3908USR,56
3909USR,25
3910USR,6
3911USR,35
3912USR,4
3913USR,53
3914USR,55
3915USR,67
3916USR,57
3917USR,67
3918USR,27
3919USR,29
3920USR,68
3921USR,55
3922USR,39
3923USR,45
3924USR,48
3925USR,28
3926USR,58
3927USR,20
3928USR,39
3929USR,61
3930USR,25
3931USR,9
3932USR,26
3933USR,59
3934USR,45
3935USR,63
3936USR,13
3937USR,33
3938USR,26
3939USR,64
3940USR,25
3941USR,33
3942USR,68
3943USR,63
3944USR,53
3945USR,45
3946USR,33
3947USR,54
3948USR,49
3949USR,56
3950USR,8
3951USR,39
3952USR,18
3953USR,3
3954USR,47
3955USR,19
3956USR,18
3957USR,23
3958USR,11
3959USR,49
3960USR,9
3961USR,2
3962USR,47
3963USR,6
3964USR,30
3965USR,36
3966USR,66
3967USR,23
3968USR,25
3969USR,44
3970USR,62
3971USR,63
3972USR,28
3973USR,14
3974USR,69
3975USR,35
3976USR,60
3977USR,25
3978USR,24
3979USR,28
3980USR,35
3981USR,43
3982USR,31
3983USR,46
3984USR,26
3985USR,40
3986USR,49
3987USR,63
3988USR,18
3989USR,48
3990USR,65
3991USR,11
3992USR,19
3993USR,29
3994USR,53
3995USR,71
3996USR,49
3997USR,32
3998USR,39
3999USR,2
4000USR,63
